﻿Designator,Footprint,Quantity,Value,LCSC Part #
"C1, C2, C5, C6",0402,4,10u,C15525
C3,0402,1,1u,C52923
C4,0402,1,0.1u,C1525
D1,D_SOD-323,1,1N5819WS,C191023
D2,0603,1,LED,C2286
"J1, J2",ASSMANN_A-2004-2-4-LPS-N-R,2,RJ45,C708595
J3,USB_C_Receptacle_Palconn_UTC16-G,1,USB_C_ReceptacleUSB2.0,C165948
"Q1, Q2",SOT-23,2,MMBT3904,C20526
"Q3, Q4, Q5, Q6, Q7, Q8",SOT-23,6,2N7002,C8545
"R1, R2",0402,2,5.1k,C25905
"R10, R11, R12, R13, R14, R15, R16, R17, R3, R4, R5, R6, R7, R8, R9",0402,15,10k,C25744
R18,0402,1,1k,C11702
R19,0402,1,22.1k,C25768
R20,0402,1,47.5k,C25792
R21,0402,1,470,C25117
R22,0402,1,940,C11702
U1,QFN-28-1EP_5x5mm_P0.5mm_EP3.35x3.35mm,1,CP2102N-Axx-xQFN28,C6568
U2,SOT-223-3_TabPin2,1,AMS1117-3.3,C6186
U3,ESP32-WROOM-32,1,ESP32-WROOM-32,C701341
